COD_HOSPITAL,n_hospitalizacion_actual,n_nocturna,n_diurna,proporcion_diurna_hospitalizacion,estancia_media_actual,estancia_media_sin_diurna,cambio_rel_estancia_media_pct,peso_medio_grd_actual,peso_medio_grd_sin_diurna,cambio_rel_peso_medio_grd_pct,severidad_media_actual,severidad_media_sin_diurna,cambio_rel_severidad_media_pct,mortalidad_media_actual,mortalidad_media_sin_diurna,cambio_rel_mortalidad_media_pct
106100,115917,100937,14980,0.12923039761208452,6.838416080748825,7.852499133105464,14.829209576928735,1.0384911108810613,1.1081564887008726,6.708326830135968,1.6767514687233107,1.9255971546608281,14.8409403885592,1.4412640078676984,1.6551611401171027,14.8409403885592
112103,24229,22135,2094,0.08642535804201576,8.658838581864707,9.477976056019878,9.46013101423087,2.1310522555615172,2.237313146600407,4.986310906340989,1.8919063931652151,2.070883216625254,9.460131014230855,1.8545131866771225,2.029952563812966,9.46013101423085
112102,44906,41569,3337,0.07431078252349352,6.128512893599964,6.620486420168876,8.027616733623619,1.3933762615240726,1.477595573624576,6.044262014940928,1.8110052108849597,1.9563857682407564,8.027616733623615,1.6175566739411213,1.7474079241742644,8.027616733623615
107100,123386,116488,6898,0.055905856418070124,7.3845411959217415,7.821106036673306,5.911874944819397,1.2254875682816528,1.2731764473593845,3.891420877047312,1.8322013842737426,1.9406977542751185,5.921639997252936,1.5187703629261018,1.6087064762035574,5.921639997252938
133150,40380,38990,1390,0.03442298167409609,5.459658246656761,5.654295973326494,3.5650166709412714,0.9010339821693909,0.9226392818671455,2.39783405790492,1.5339029222387321,1.588586817132598,3.565016670941259,1.4185735512630016,1.469145934855091,3.5650166709412616
112100,66426,64548,1878,0.02827206214434107,10.217625628518954,10.509837640205738,2.8598817603101034,1.3181378526480596,1.3469486025903206,2.185715999611262,1.9180140306506488,1.9738179339406334,2.9094627254136536,1.8405594195044108,1.8941098097539815,2.909462725413648
114101,234398,228538,5860,0.025000213312400276,5.89827811292098,6.049445596716462,2.5629087150761833,1.1204382699511088,1.1275680849574252,0.6363416171626742,1.7193918036843319,1.7634791588269785,2.564125003281726,1.6061015878975076,1.6472840402908926,2.5641250032817386
123100,98656,96638,2018,0.020454914044761595,6.201082549464807,6.327024565905751,2.030968229116923,0.9583631477051571,0.9673729992342556,0.9401291723991045,1.5679431560168666,1.6006850307332519,2.08820546782839,1.4894177748945832,1.52051987830874,2.088205467828399
105101,82576,81070,1506,0.01823774462313505,7.302282773236452,7.437849239536691,1.8564943389634665,1.0635944003100173,1.0780425521154557,1.3584268402717334,1.697066944390622,1.7285925743184902,1.85765387936352,1.4129650261577213,1.43921302578019,1.8576538793635216
113130,42020,41288,732,0.017420276059019513,5.723774393146121,5.824864367370664,1.7661418372043616,1.0773059900047595,1.0889109935090098,1.0772244480139799,1.9621132793907663,1.9968998256151909,1.7729122263127308,1.7478581627796288,1.7788461538461537,1.7729122263127215
115107,43269,42550,719,0.016616977512768957,5.761769396103446,5.858002350176263,1.670197945407135,0.9332703575307957,0.9434527802585194,1.0910474811033248,1.647807899419908,1.6756521739130434,1.6897767332549989,1.441216575377291,1.4655699177438308,1.689776733254992
105102,49914,49107,807,0.016167808630845052,6.720373449802657,6.830814971693886,1.643383700566115,0.8829254257322594,0.8931105035941922,1.1535603761196178,1.5556757623111752,1.581240963610076,1.6433502352006832,1.4815081940938415,1.505854562486,1.6433502352006828
102100,104019,102495,1524,0.014651169497880196,6.969361366673396,7.0729498999951215,1.4863418306456735,0.9293847345196552,0.9372272452314749,0.8438389851403225,1.5835472365625511,1.6070930289282404,1.4869018000878016,1.457589478845211,1.4792624030440509,1.4869018000877994
116110,25854,25520,334,0.012918697300224337,4.535566471976173,4.594341471060778,1.295868982358808,0.7533575230138468,0.759286120689655,0.7869567230297828,1.8113638121760656,1.8350705329153605,1.3087774294670855,1.6029241123230449,1.6239028213166145,1.308777429467081
118100,173980,171765,2215,0.012731348430854121,7.984624050858467,8.087466086004728,1.2880009690024645,1.2314879043568228,1.2388834390009604,0.600536523174394,1.8073514197034142,1.8306581666812214,1.2895525863825557,1.6829348200942638,1.7046371495939219,1.2895525863825512
110100,123535,121972,1563,0.012652284777593394,7.6266695808441405,7.724098351247427,1.2774746482789556,1.207742008337718,1.2174293346013838,0.8021022864807912,1.745513417250172,1.76788115305152,1.2814416423441373,1.6274739952240256,1.648329124717148,1.2814416423441384
107102,40390,39904,486,0.012032681356771479,6.337187422629364,6.413642742582197,1.206455085734409,0.8284926466947264,0.8348277641339215,0.7646558438954144,1.6817033919286952,1.702185244587009,1.2179230152365739,1.3702649170586778,1.3869536888532479,1.2179230152365799
107101,54268,53667,601,0.0110746664701113,7.743163558634923,7.828982428680567,1.1083179296909174,0.917959342522297,0.9237657499021747,0.6325342649624661,1.6271098990196802,1.645331395457171,1.1198688206905527,1.450431193336773,1.4666741200365214,1.1198688206905478
105100,76965,76176,789,0.01025141297992594,7.25325797440395,7.328318630539803,1.0348543564937953,1.0504189384785294,1.0574574971119515,0.6700715662664086,1.7054895082180213,1.7231542743121193,1.0357592942659068,1.5155070486584812,1.5312040537702163,1.0357592942659035
109100,137757,136356,1401,0.010170082101091051,7.815249032688944,7.894383654071814,1.0125668555393808,0.9783686368024856,0.9852424117750593,0.7025751556221823,1.625434642159745,1.6421352929097364,1.0274575376221171,1.4764403986730257,1.4916101968376896,1.0274575376221082
121110,16204,16090,114,0.007035299925944211,7.782893112811651,7.838036047234307,0.7085146053449366,0.8322922611700815,0.8347039900559353,0.28976947141900583,1.7438286842754875,1.7561839651957738,0.708514605344936,1.6299679091582326,1.6415164698570541,0.7085146053449317
111101,98936,98368,568,0.005741085145952939,8.629416996846446,8.679184287573195,0.5767167207812027,1.1013556410204575,1.1045562845640857,0.29060944752257417,1.970304034931673,1.9816810344827587,0.5774235523747617,1.7855482332012613,1.7958584092387768,0.5774235523747604
117101,110243,109727,516,0.0046805692878459405,7.483813031212867,7.518997147465984,0.47013622743345496,0.9889535843545623,0.9921108387179091,0.31925202691968285,1.6650490280562031,1.6728790543804168,0.4702580039552686,1.5093747448817612,1.516472700429247,0.47025800395527106
116108,67387,67087,300,0.004451897250211465,5.71748260050158,5.743005351260304,0.44639839842248386,0.9311464332883197,0.9339231207238362,0.2982009420055137,1.6335049787050915,1.6408096948738207,0.4471805267786674,1.4666627094246665,1.473221339454738,0.44718052677866815
128109,33927,33797,130,0.0038317564181920005,5.3773395820438,5.397993904784449,0.38409928228483947,0.7805323783417336,0.7819111637127555,0.17664678740824918,1.6504259144634068,1.656774269905613,0.38464952510577466,1.468682760043623,1.4743320413054413,0.38464952510578254
103101,54886,54680,206,0.003753233975877273,5.84897512981689,5.871010808537099,0.37674427110957104,0.8668827333017527,0.8685330431602047,0.19037290685977856,1.6186094814706846,1.6247073884418435,0.37673738112656074,1.5021316911416391,1.507790782735918,0.3767373811265461
113150,28666,28569,97,0.0033837996232470523,4.971115607339706,4.987993979488256,0.33952885995308474,0.7307990581176307,0.732516052364451,0.23494751775446307,1.6023512174701737,1.6077916622912947,0.33952885995308996,1.4447080164654993,1.4496132171234555,0.3395288599530885
121117,15980,15930,50,0.0031289111389236545,7.066145181476846,7.088323917137476,0.31387319522912804,0.9433324030037549,0.9447493283113624,0.15020424434650406,1.9082603254067585,1.9142498430634023,0.31387319522911994,1.8019399249061328,1.807595731324545,0.3138731952291284
112101,90422,90142,280,0.0030965915374576982,5.562473734268209,5.57975194692818,0.31062102016819026,0.8612673099466941,0.8628912682212507,0.18855450053679,1.7797328083873394,1.7852610325930198,0.3106210201681738,1.520415385636239,1.5251381154178962,0.3106210201681778
110120,114556,114248,308,0.0026886413631760885,8.1275642928226,8.149475692803248,0.26959368380510573,0.983784050595342,0.9856824775926055,0.19297192266073634,1.7330912392192466,1.737763461942441,0.26958896435822766,1.5895195362966583,1.5938047055528324,0.26958896435824
111100,100855,100600,255,0.002528382331069357,6.110901789698081,6.125974155069582,0.2466471543841601,0.9599038600352986,0.9617972236304537,0.19724512776576436,1.5758918833164772,1.5798864799848904,0.2534816449467659,1.4439784242568465,1.4476386445193292,0.25348164494676934
115100,127364,127085,279,0.002190571904148739,7.336526381909548,7.352633359825623,0.21954501459698483,1.1527650599855532,1.15453269071881,0.15333833359582924,1.7991347633554222,1.8030845497108234,0.21953810441830318,1.6430388492823718,1.6466459456269427,0.21953810441830826
116105,153880,153556,324,0.00210553678190798,7.294306491548444,7.309697628831739,0.21100206443377692,1.1671592611125552,1.1686026316132225,0.12366525706967324,1.7150506888484534,1.7186694105082185,0.2109979421188372,1.5850597868468936,1.5884042303784938,0.21099794211883435
103100,113824,113590,234,0.0020558054540342984,8.479990863006599,8.497196031305847,0.20289135421484134,1.0918744544208605,1.0935688079936619,0.15517842421728267,1.5851226454877705,1.5883880623294304,0.20600404965226538,1.450862735451223,1.453851571441148,0.20600404965225855
119100,116836,116646,190,0.0016262110993187032,6.322520456023828,6.332818956500866,0.1628859969480259,1.0318713744051489,1.0318032988700856,-0.006597288843535977,1.5930706289157452,1.5956655178917407,0.16288599694801778,1.4723886473347256,1.4747869622618863,0.16288599694802408
122100,107619,107450,169,0.0015703546771480873,7.230535500236947,7.24189855746859,0.1571537437479048,1.05633673329059,1.057507285248953,0.11081238789422283,1.6743790594597607,1.677012563983248,0.15728245695673113,1.5085347382897072,1.510907398790135,0.1572824569567232
120101,143602,143491,111,0.0007729697357975516,6.437193593314763,6.442173267637241,0.0773578462460572,1.0371324257322323,1.0375640569791833,0.041617756444772655,1.685791284243952,1.687095357897011,0.07735676802029566,1.499832871408476,1.5009930936435039,0.07735676802030696
118105,35648,35622,26,0.0007293536804308797,4.7141214093357275,4.7175621806748635,0.07298860254897103,0.7073714598294433,0.7076553393970018,0.04013161170326751,1.6651144524236985,1.6663297961933636,0.07298860254897921,1.5420780969479353,1.5432036382011116,0.07298860254898765
115110,29620,29601,19,0.0006414584740040513,4.169885212694125,4.172561737779129,0.06418702070877308,0.8204107258609048,0.8208013276578493,0.04761051807734712,1.7387913571910871,1.7399074355596096,0.06418702070876477,1.4101620526671168,1.4110671936758894,0.0641870207087653
117102,39132,39126,6,0.00015332720024532353,5.0876776040069505,5.088457802995451,0.015335071308088708,0.8324588827558009,0.8325181643919645,0.0071212689769475325,1.5566799550240213,1.5569186730051627,0.015335071308071548,1.4581927833997752,1.4584163983029188,0.015335071308077701
126100,60686,60677,9,0.0001483043865141878,8.299794018291175,8.301025117014964,0.01483288285318642,1.0872756517153876,1.0873897457026553,0.010493565922099744,1.8219523448571335,1.8222225884602072,0.014832638396746665,1.6274758593415286,1.6277172569507392,0.014832638396754567
106103,40274,40271,3,7.448974524507126e-05,7.094730830353596,7.09523454766694,0.007099879127040421,0.8085130952972142,0.808530019120459,0.0020932033560429075,1.7022396583403685,1.7023664671848229,0.007449529438058581,1.5185976063961861,1.5187107347719202,0.007449529438054366
121114,27759,27758,1,3.602435246226449e-05,8.670881515904751,8.671193890049715,0.003602565026290836,0.9269876616592819,0.9270033359752146,0.0016908872233075765,1.7096076948016858,1.7096692845305859,0.0036025650263096674,1.6139630390143738,1.6140211830823545,0.0036025650262894314
124105,136205,136204,1,7.341874380529349e-06,8.097398735710668,8.097450845068355,0.0006435320698448939,1.0529368921845748,1.0529437219171243,0.0006486364567716001,1.845409493043574,1.8454230419077267,0.0007341928284040087,1.5907565801549135,1.5907682593756425,0.0007341928284112424
101100,94115,94115,0,0.0,5.947936035701004,5.947936035701004,0.0,0.9158525633533444,0.9158525633533444,0.0,1.5489135631939648,1.5489135631939648,0.0,1.4530733676884662,1.4530733676884662,0.0
104103,29449,29449,0,0.0,5.539746680702231,5.539746680702231,0.0,0.8547590478454278,0.8547590478454278,0.0,1.6651838772114502,1.6651838772114502,0.0,1.4812047947298719,1.4812047947298719,0.0
106102,24647,24647,0,0.0,11.764920680001623,11.764920680001623,0.0,1.3150853166714003,1.3150853166714003,0.0,2.0000405728891955,2.0000405728891955,0.0,1.8056152878646488,1.8056152878646488,0.0
104100,69160,69160,0,0.0,7.608771092699432,7.608771092699432,0.0,0.9127474667437826,0.9127474667437826,0.0,1.6668305378831694,1.6668305378831694,0.0,1.4308704453441297,1.4308704453441297,0.0
108101,46059,46059,0,0.0,5.944440825897219,5.944440825897219,0.0,0.9283641959226209,0.9283641959226209,0.0,1.596495798866671,1.596495798866671,0.0,1.4572830500010856,1.4572830500010856,0.0
113100,151293,151293,0,0.0,8.490105226978294,8.490105226978294,0.0,1.1314765104796651,1.1314765104796651,0.0,1.762262629467325,1.762262629467325,0.0,1.5875090057041634,1.5875090057041634,0.0
112104,19951,19951,0,0.0,7.092677058794045,7.092677058794045,0.0,1.874330309257681,1.874330309257681,0.0,1.8229662673550198,1.8229662673550198,0.0,1.475414766177134,1.475414766177134,0.0
111195,64001,64001,0,0.0,9.090296875,9.090296875,0.0,1.521305071795753,1.521305071795753,0.0,1.9220793425102733,1.9220793425102733,0.0,1.8219246574272276,1.8219246574272276,0.0
110130,34862,34862,0,0.0,5.782485227468303,5.782485227468303,0.0,0.87402582754862,0.87402582754862,0.0,1.6337272675119041,1.6337272675119041,0.0,1.438930640812346,1.438930640812346,0.0
110150,40890,40890,0,0.0,5.413974418547776,5.413974418547776,0.0,0.7555996502812423,0.7555996502812423,0.0,1.4238200048911713,1.4238200048911713,0.0,1.321374419173392,1.321374419173392,0.0
109101,42691,42691,0,0.0,6.211337549777466,6.211337549777466,0.0,1.2020103768944272,1.2020103768944272,0.0,1.9485605865404887,1.9485605865404887,0.0,1.7313485277927432,1.7313485277927432,0.0
108100,56513,56513,0,0.0,5.793958912108718,5.793958912108718,0.0,0.9509080459363333,0.9509080459363333,0.0,1.6741280767257092,1.6741280767257092,0.0,1.5399819510555093,1.5399819510555093,0.0
114105,88584,88584,0,0.0,8.448918540594239,8.448918540594239,0.0,1.0683539840704963,1.0683539840704963,0.0,1.794193074620121,1.794193074620121,0.0,1.6272948087894707,1.6272948087894707,0.0
116100,78821,78821,0,0.0,6.986323441722384,6.986323441722384,0.0,0.9585059730274925,0.9585059730274925,0.0,1.6431788482764746,1.6431788482764746,0.0,1.5302901511018636,1.5302901511018636,0.0
113180,78670,78670,0,0.0,6.969950425829414,6.969950425829414,0.0,0.9113442659209355,0.9113442659209355,0.0,1.7539468666581925,1.7539468666581925,0.0,1.5588407270878353,1.5588407270878353,0.0
114103,89230,89230,0,0.0,6.897848257312563,6.897848257312563,0.0,0.9838312947584307,0.9838312947584307,0.0,1.8081677481536271,1.8081677481536271,0.0,1.5450918423382534,1.5450918423382534,0.0
121109,148805,148805,0,0.0,8.215071033991478,8.215071033991478,0.0,1.1602892086959444,1.1602892086959444,0.0,1.63000571217365,1.63000571217365,0.0,1.4926716172171635,1.4926716172171635,0.0
121121,24029,24029,0,0.0,4.21561446585376,4.21561446585376,0.0,0.6700180906404761,0.6700180906404761,0.0,1.5640684173290607,1.5640684173290607,0.0,1.4506221648840985,1.4506221648840985,0.0
125100,48778,48778,0,0.0,4.589938086842429,4.589938086842429,0.0,0.9432401697486573,0.9432401697486573,0.0,1.8443765632047235,1.8443765632047235,0.0,1.3902989052441674,1.3902989052441674,0.0
129100,46134,46134,0,0.0,6.222612389994365,6.222612389994365,0.0,0.8411209953613388,0.8411209953613388,0.0,1.6452074391988556,1.6452074391988556,0.0,1.5011271513417437,1.5011271513417437,0.0
129106,37935,37935,0,0.0,7.040281549047004,7.040281549047004,0.0,0.9079749334387767,0.9079749334387767,0.0,1.6324502438381443,1.6324502438381443,0.0,1.4565704494530118,1.4565704494530118,0.0
