COD_HOSPITAL,NOMBRE,marcado_isolation_forest_preclustering,iso_score,cluster_base,cluster_sin_IF,cluster_sin_IF_entrenado
101100,Hospital Dr. Juan Noé Crevanni (Arica),False,-0.3839426523650518,1,2,2.0
102100,Hospital Dr. Ernesto Torres Galdames (Iquique),False,-0.3878878473818929,1,2,2.0
103100,Hospital Dr. Leonardo Guzmán (Antofagasta),False,-0.40525975843741413,1,2,2.0
103101,Hospital Dr. Carlos Cisternas (Calama),False,-0.39462315838300277,1,2,2.0
104100,Hospital San José del Carmen (Copiapó),False,-0.38527860166568106,1,2,2.0
104103,Hospital Provincial del Huasco Monseñor Fernando Ariztía Ruiz (Vallenar),False,-0.3734328326338988,1,2,2.0
105100,Hospital San Juan de Dios (La Serena),False,-0.3846570968574692,1,2,2.0
105101,Hospital San Pablo (Coquimbo),False,-0.37929318010147767,1,2,2.0
105102,Hospital Dr. Antonio Tirado Lanas (Ovalle),False,-0.4042897104701803,1,2,2.0
106100,Hospital Carlos Van Buren (Valparaíso),False,-0.4090363077776265,1,2,2.0
106102,Hospital Dr. Eduardo Pereira Ramírez (Valparaíso),True,-0.6117744896994896,3,0,
106103,Hospital Claudio Vicuña (San Antonio),False,-0.42704935179822434,1,1,1.0
107100,Hospital Dr. Gustavo Fricke (Viña del Mar),False,-0.4641922380920531,1,2,2.0
107101,Hospital San Martín (Quillota),False,-0.4177380062388658,1,2,2.0
107102,Hospital de Quilpué,False,-0.435913406284322,1,1,1.0
108100,Hospital de San Camilo (San Felipe),False,-0.3689973540832373,1,2,2.0
108101,Hospital San Juan de Dios (Los Andes),False,-0.41068672224273467,1,2,2.0
109100,"Complejo Hospitalario San José (Santiago, Independencia)",False,-0.4580840353664475,1,1,1.0
109101,"Hospital Clínico de Niños Dr. Roberto del Río (Santiago, Independencia)",False,-0.5612101533639321,0,3,3.0
110100,"Hospital San Juan de Dios (Santiago, Santiago)",False,-0.4001708003301907,1,2,2.0
110120,"Hospital Dr. Félix Bulnes Cerda (Santiago, Quinta Normal)",False,-0.40505784661017263,1,1,1.0
110130,Hospital Adalberto Steeger (Talagante),False,-0.4459397571298184,1,1,1.0
110150,Hospital San José (Melipilla),False,-0.48551128471913535,1,1,1.0
111100,"Hospital Clínico San Borja-Arriarán (Santiago, Santiago)",False,-0.5254449637201918,1,1,1.0
111101,Hospital Clínico Metropolitano El Carmen Doctor Luis Valentín Ferrada,False,-0.4602276899359561,1,2,2.0
111195,Hospital de Urgencia Asistencia Pública Dr. Alejandro del Río,True,-0.5912277822207431,2,2,
112100,"Hospital Del Salvador (Santiago, Providencia)",True,-0.5719517792393335,2,0,
112101,"Hospital Dr. Luis Tisné B. (Santiago, Peñalolén)",False,-0.4603980657465071,1,1,1.0
112102,"Hospital de Niños Dr. Luis Calvo Mackenna (Santiago, Providencia)",True,-0.575962550811551,0,3,
112103,Instituto Nacional de Enfermedades Respiratorias y Cirugía Torácica,True,-0.6172371224995654,3,2,
112104,Instituto de Neurocirugía Dr. Alfonso Asenjo,True,-0.6214589573326121,3,2,
113100,"Hospital Barros Luco Trudeau (Santiago, San Miguel)",False,-0.42489677463550274,1,2,2.0
113130,"Hospital Dr. Exequiel González Cortés (Santiago, San Miguel)",True,-0.6077196673236458,0,3,
113150,Hospital San Luis (Buin),False,-0.4249624849213054,1,1,1.0
113180,"Hospital El Pino (Santiago, San Bernardo)",False,-0.4213603882512726,1,1,1.0
114101,"Complejo Hospitalario Dr. Sótero del Río (Santiago, Puente Alto)",False,-0.423162350567028,1,2,2.0
114103,Hospital Padre Alberto Hurtado (San Ramón),False,-0.39032940189528387,1,1,1.0
114105,Hospital Clínico Metropolitano La Florida Dra. Eloisa Díaz Inzunza,False,-0.39785373566896326,1,2,2.0
115100,Hospital Regional de Rancagua,False,-0.39235849554405205,1,2,2.0
115107,Hospital San Juan de Dios (San Fernando),False,-0.3722282180155262,1,2,2.0
115110,Hospital de Santa Cruz,False,-0.45500682631994555,1,1,1.0
116100,Hospital San Juan de Dios (Curicó),False,-0.3738136630423705,1,2,2.0
116105,Hospital Dr. César Garavagno Burotto (Talca),False,-0.3828787792877053,1,2,2.0
116108,Hospital Presidente Carlos Ibáñez del Campo (Linares),False,-0.37071930611778603,1,2,2.0
116110,Hospital San José (Parral),False,-0.4663810887084217,1,1,1.0
117101,Hospital Clínico Herminda Martín (Chillán),False,-0.3682151707950665,1,2,2.0
117102,Hospital de San Carlos,False,-0.4171030582753979,1,2,2.0
118100,Hospital Clínico Regional Dr. Guillermo Grant Benavente (Concepción),False,-0.4295191509052673,1,2,2.0
118105,Hospital San José (Coronel),False,-0.4411791685074266,1,1,1.0
119100,Hospital Las Higueras (Talcahuano),False,-0.38397110256415534,1,2,2.0
120101,Complejo Asistencial Dr. Víctor Ríos Ruiz (Los Ángeles),False,-0.3730052399838109,1,2,2.0
121109,Hospital Dr. Hernán Henríquez Aravena (Temuco),False,-0.4352489829750107,1,2,2.0
121110,Hospital Dr. Abraham Godoy (Lautaro),False,-0.49775666587326284,2,0,0.0
121114,Hospital Intercultural de Nueva Imperial,False,-0.4835219021414006,2,0,0.0
121117,Hospital de Pitrufquén,False,-0.5318757509766872,2,0,0.0
121121,Hospital de Villarrica,False,-0.48242890097789826,1,1,1.0
122100,Hospital Clínico Regional (Valdivia),False,-0.3873567067950402,1,2,2.0
123100,Hospital Base San José de Osorno,False,-0.38188831768927467,1,2,2.0
124105,Hospital de Puerto Montt,False,-0.3834248777095315,1,2,2.0
125100,Hospital Regional (Coihaique),False,-0.44377599289356173,1,2,2.0
126100,Hospital Clínico de Magallanes Dr. Lautaro Navarro Avaria,False,-0.4455899721418066,1,2,2.0
128109,Hospital Provincial Dr. Rafael Avaría (Curanilahue),False,-0.44738681748954207,1,1,1.0
129100,Hospital Dr. Mauricio Heyermann (Angol),False,-0.3695888074262496,1,2,2.0
129106,Hospital San José (Victoria),False,-0.4122015496903391,1,2,2.0
133150,Hospital de Castro,False,-0.40276087175598907,1,2,2.0
