COD_HOSPITAL,egresos_por_anio,estancia_media,estancia_mediana,peso_medio_grd,severidad_media,mortalidad_media,entropia_grd,comorbilidades_promedio,tasa_cma,peso_medio_cma,dim_01,dim_02,dim_03,dim_04,dim_05,dim_06,dim_07,dim_08,pct_pediatrico,pct_geriatrico,pct_femenino_fertil,edad_mediana,pct_urgencia,pct_programada,pct_obstetrica_ingreso,pct_alta_domicilio,pct_alta_fallecido,pct_alta_traslado,pct_origen_emergencia,pct_origen_referencia,pct_uso_pabellon,pabellones_promedio,tasa_partos,tasa_prematurez,cv_estancia,pct_estancia_larga,peso_medio_cma_imputado
101100,16438.5,5.633102168689358,3.0,0.8734606290111628,1.5050339142865834,1.4105757824619034,0.8310255401146431,3.3838853910028286,0.1436162592307993,0.47268118255191804,-0.37238535914915444,0.29113170831002844,-1.088042280058889,1.6590076987118385,2.8407956147328957,-0.3523133882084571,0.6446810627190472,0.07231938822578152,0.10483012440307814,0.2605012622806217,0.3319493871095295,42.00958247775496,0.6197037442589044,0.18944855065851507,0.19084770508258053,0.9023633543206497,0.02805912948261703,0.017382972898987135,0.7125193904553335,0.0048666240837059345,0.5630075736837302,0.7030903062931533,0.034674696596404785,0.05964912280701754,1.8062940914497745,0.01905587492776105,False
102100,18108.0,6.848147227744644,3.0,0.8851464283741992,1.54568422796554,1.4151894190413077,0.8163782719463503,4.01641539650983,0.12210021089375318,0.4669266329164185,-1.3981885279968866,1.2085953130133056,-0.918086765003669,-0.7596018015809669,1.4905107088503882,0.43081936597232584,-0.40714750459821913,0.3866746868475958,0.15027888226198366,0.19462392312789928,0.38082615418599514,35.45653661875428,0.6403109123039541,0.12375745526838966,0.23593163242765627,0.8666473381930638,0.025416942787718135,0.03833940799646565,0.7613209631102276,0.008628782858405125,0.5222691628009719,0.8138391870996244,0.04348906560636183,0.08126984126984127,2.5962422137299135,0.031864369339518445,False
103100,19476.5,8.251537128554007,4.0,1.0388436846969427,1.5605216543013376,1.4380792236798192,0.8353074212419175,3.0579031140091906,0.11849102717870963,0.4906376336898396,-0.7232518997194439,1.0115932569174368,-0.3589811090718843,-0.9117932998705358,1.4241967556096058,0.8953761960985337,-0.7252973085813735,1.2881808711016351,0.15439118938207583,0.23043154570893126,0.3224655353888019,40.07939767282683,0.5635509460118604,0.24809385669909892,0.18835519728904063,0.9299155392395965,0.03768644263599723,0.011385515878109516,0.6625292018586502,0.04921315431417349,0.5314738274330604,0.5960388160090365,0.03370728827047981,0.09748667174409749,1.9501861654361252,0.046389238312838546,False
103101,9459.5,5.6165922245421145,3.0,0.8118834795708019,1.580368941275966,1.473915111792378,0.809259529335725,3.5968602991701464,0.10736275920639789,0.5616558338826632,-2.377955110443437,-1.3981676107708532,-1.2108104370206771,-1.3094314861007346,1.4945504860081,0.26788364806549275,0.24585455098625755,0.3057521617976747,0.17035784132353718,0.18618848776362387,0.37478196522014906,35.11841204654346,0.6451715206934827,0.12199376288387336,0.2328347164226439,0.9011311380094086,0.027459168032137004,0.033273428828162165,0.700274855964903,0.014667794280881653,0.463740155399334,0.8384956921613194,0.03832126433743856,0.060689655172413794,1.588943412390568,0.017601353137057983,False
104100,11917.5,7.547840315509031,4.0,0.9070662932662051,1.690224459827984,1.411978183343822,0.852757587698438,3.895531780994336,0.11712412490276697,0.43742590132827325,0.23676197164641155,0.8874682624831645,-0.3134850496060288,0.30344502731113837,1.7325098367406293,0.8244715435866412,2.805981506786246,-0.6897725195633919,0.13589259492343192,0.23786448500104887,0.3195301027900147,40.87063655030801,0.6595552758548353,0.1669393748688903,0.1735053492762744,0.890224459827984,0.029662261380323053,0.025194042374659116,0.6629116844975875,0.05999580448919656,0.5040486679253199,0.5056429620306272,0.04031885882106146,0.07336108220603538,2.383325577733647,0.0368156073001888,False
104103,5188.75,5.6117562033245,3.0,0.8391118525656469,1.676029872319923,1.4860515538424477,0.8378288371679928,5.157215128884606,0.14398251257939454,0.5115926955027212,-1.0942111485893156,-1.193260626257043,-0.4833305842664542,0.5003852053029826,1.2782900836685664,1.272913709314024,2.0587145457816303,-0.12040987038162458,0.1232955914237533,0.2846543001686341,0.31862201879065283,43.48254620123203,0.642399421826066,0.1751385208383522,0.1824620573355818,0.8932305468561792,0.030305950373404,0.036858588291977835,0.5698867742712599,0.06783907492170561,0.4929896410503493,0.494001445434835,0.03830402312695736,0.04779874213836478,1.949645262137063,0.014598891833293182,False
105100,13711.0,7.130369776092189,3.0,1.0249242104879293,1.7170884691123915,1.5069469768798776,0.8246040381414681,4.22567646415287,0.26908775904577864,0.49815355356346885,-0.7024664348199108,1.113578378822229,-1.388018073157898,-0.21720744761147756,-1.2385941386756758,1.2923642689562542,-0.49921744075711677,0.9113866070050987,0.18412223761942967,0.25629056961563706,0.3195062358690103,40.02190280629706,0.5904383341842316,0.21201954634964626,0.1975421194661221,0.884490555028809,0.03331266866019984,0.033914375319086865,0.6285464225804099,0.09536138866603457,0.561939318795128,0.724892422142805,0.047316023630661515,0.10558766859344894,1.712130437768287,0.03655823791116622,False
105101,14730.75,7.059349648688096,3.0,1.0275957622660081,1.6839773942263632,1.4000984335488689,0.8194040026805215,4.403390866045517,0.18850020658311528,0.563593702053043,0.19331422096714157,1.713450897901713,1.1458846064446244,-0.08003953278498456,3.0015116114150024,1.1226633838093905,0.9043065727318761,-1.0515549360270875,0.1285745803845697,0.27656432971844613,0.306993873360148,43.85352498288843,0.6215399759007518,0.1905707448704241,0.18788927922882406,0.9189450638969503,0.030124060214177826,0.025151468866147345,0.6986066561444597,0.06404969197087725,0.5545372774638087,0.582353240670027,0.041104492303514754,0.05119735755573906,2.1462535082561853,0.03406140216893234,False
105102,8907.75,6.583805781644681,3.0,0.8336081024950184,1.5385478936880805,1.4611433863770313,0.8030829495387297,3.630967416014145,0.26234395379168995,0.4986449100378788,-2.3246620884208835,-0.5971767859932927,-2.068937126370359,0.3956999807173763,1.2032742829373662,-0.04956431315344028,-0.16017322768398984,2.636929416659114,0.14807330695181162,0.2600544469703348,0.351154893210968,39.21697467488022,0.6018635457887794,0.166428110353344,0.23170834385787656,0.8992731048805815,0.037102523083831496,0.03401532373494991,0.6691644915943982,0.05787095506721675,0.5502511857652045,1.0931492239903455,0.05032134938676995,0.04852203011712214,1.9274458723584713,0.03003003003003003,False
106100,22350.5,6.2058836689038035,3.0,0.9876375808147468,1.5989687031610031,1.3762555647524664,0.8198894146008014,5.6842352520077855,0.12061299968523764,0.39971781112379706,1.5855370493552425,0.8162469554911078,2.512858431508486,-1.7035238596211235,-0.93125076876103,0.9840755779163056,-0.1727671959787308,-2.28399435768136,0.15193172412250286,0.2848817699827744,0.25362967271425696,48.435318275154,0.5385673698574976,0.3322185186013736,0.12918055524484912,0.823404398111899,0.03097246146618644,0.09688821279166014,0.48589517013042216,0.07631820317218854,0.36556229167132726,0.6273461443815574,0.024283573074427866,0.1045601105481345,2.2244719753729365,0.0355696740565088,False
106102,4398.75,11.242455242966752,7.0,1.2758000056834327,1.9773799374822392,1.779425973287866,0.8335604894084043,6.793691389599318,0.10825604378896153,0.6751929775280898,4.361882715441737,-0.9896388055879708,2.635192160666768,4.330586649016321,-4.212890638216323,3.4977233538013763,5.182860582065711,3.892034026177876,0.0,0.4838306337027565,0.13333333333333333,64.290212183436,0.524467178175618,0.4745098039215686,0.000966183574879227,0.8288150042625746,0.03915885194657573,0.036146632566069904,0.00011366865586814436,0.5863597612958227,0.4434782608695652,0.4451832907075874,0.0,0.0,1.2959710856086875,0.0684285308326229,False
106103,7204.0,7.006975775664608,4.0,0.7926418933925597,1.6778872848417545,1.5002776235424764,0.8240128459328274,4.853241254858412,0.20426366222074946,0.4819964715425173,-2.553748223092002,-1.2392056207062723,1.1442804388867232,-1.7775338700487109,0.3970575053222821,2.776776598961091,1.4317502190642388,-0.3590045743466499,0.1397140477512493,0.29629372570794005,0.29948639644641867,45.65776865160849,0.7369516935036091,0.06878123264852859,0.1942670738478623,0.8510202665186007,0.043343975569128265,0.053130205441421434,0.8440449750138812,0.011729594669627984,0.34286507495835644,0.36521377012770684,0.04049833425874514,0.04113110539845758,1.8663508572034209,0.024882009994447528,False
107100,22701.75,6.968934113008909,3.0,1.19015556069466,1.8004338872553878,1.4857444910634643,0.8441197934396761,5.243780765799993,0.1351302442973475,0.5516487665632929,5.804144832602204,9.512301889231638,-6.951044315503601,7.813252206452661,-2.4623670918379497,1.1649142023817436,-0.5212574774233513,-2.3202512764677374,0.2114925060843327,0.2722367218386248,0.2501128767606022,41.67008898015058,0.5966610503595537,0.2561036043476824,0.14723534529276378,0.8847445681500324,0.02874227757771978,0.05141674100014316,0.519541445042783,0.13353596088407282,0.4939817414956997,0.5941061812415342,0.025812987985507727,0.13054607508532423,1.952776935414215,0.03434757232371954,False
107101,9646.25,7.767111571854348,4.0,0.9072999922249579,1.666061941168848,1.4647920176234288,0.8247610533134383,3.5827912401192172,0.2364546641864883,0.5733998242530756,-2.3518000332768088,3.230925260974678,-3.2294217092258983,2.39924096408698,0.07307258973607574,-0.22799912924619772,-0.343761911916368,-1.2014486241553433,0.14394194635220942,0.248412595568226,0.3511986523260334,39.912388774811774,0.6353505248153427,0.12999870415964754,0.23465077102500972,0.8603343268109369,0.03265517688220811,0.07920176234287936,0.5843203317351302,0.26580277309835426,0.4806271867305948,0.4951665154852922,0.03993779966308151,0.08306294613887086,1.5692654411799176,0.03908254503045225,False
107102,7083.0,6.253106028518989,3.0,0.8072035225187068,1.6879500211774672,1.3612169984469857,0.8125403750330481,4.977481293237329,0.25201964200855376,0.4839472763461135,-4.23407322000612,3.4130278429210854,-0.7252936306572233,-1.8016808614077051,-2.5786658123480715,2.2268893600104276,1.1834975023026224,-3.157983734399759,0.1877735422843428,0.22836368770295074,0.38666525483552167,35.63860369609856,0.583439220669208,0.13913595933926304,0.27735422843427926,0.8274742340816038,0.028307214457150925,0.06215586615840746,0.4727163631229705,0.2023154030777919,0.4914937173514048,0.518283213327686,0.04507270930396724,0.07282693813625685,1.6374812484640353,0.027530707327403644,False
108100,10023.0,5.664895739798464,3.0,0.9303775566197745,1.6770926868203133,1.549261698094383,0.8195088959327155,4.439364461738003,0.19453540934203917,0.47669582773933694,-1.1820180498393529,-0.48868948970405085,-0.4950048514014975,-0.6600637930717266,-0.044359769441699275,1.328618280091336,0.024240533620083143,0.8845972379626424,0.16512022348598224,0.25778210116731515,0.3368502444377931,39.96714579055441,0.5845804649306595,0.2098673051980445,0.205552229871296,0.9133991818816721,0.03886062057268283,0.03190162625960291,0.5015464431806844,0.1384814925670957,0.5118477501745984,0.5760500848049486,0.04691709069140976,0.09303561935140882,1.8868048836726028,0.019505138182180984,False
108101,8097.5,5.858135226921889,3.0,0.9194973510342698,1.5955541833899352,1.4440568076566842,0.8259971425786841,4.706730472368015,0.06465679055127206,0.5221831621259492,0.032740513994646066,-1.467164781987408,0.7705421083126173,2.290405635760351,3.298753676682901,-0.9185256278094585,0.7367659607564012,0.09563555528790038,0.07576412472985489,0.3071009570855202,0.29651126891015744,50.20533880903491,0.5541525162087064,0.2911392405063291,0.1547082432849645,0.9097869712874344,0.03004013584439642,0.03661623958011732,0.5531645569620253,0.047113306576103735,0.5866625501698055,0.5931769064526088,0.03235566532880519,0.05438931297709924,1.5117125633830713,0.019975301018832974,False
109100,23577.75,7.742500556692504,3.0,0.9523723711974214,1.6025066005025925,1.4583240555184442,0.7696701450865845,5.383380517649055,0.21308479837128386,0.5455265055994988,-4.465631834379057,3.0034747057924673,-0.6849779647853472,-1.6747792098500582,1.8206879912036984,-0.11155030576113613,-0.9858527246365083,-1.4791012723337795,0.06919659424669444,0.22385511764269278,0.4477844578044979,37.81245722108145,0.5399264136739087,0.11650814857227683,0.3435654377538145,0.8958445992514129,0.044554717901411287,0.028533256990170817,0.7950822279479595,0.017516514510502488,0.6107877129921218,0.7467951776569011,0.08146451633425582,0.08941819601718079,1.9400550557620193,0.043441380114726806,False
109101,8022.75,5.8921782486756,3.0,1.1700885139135584,1.9844193075940295,1.7809977875416783,0.7721050490412251,3.8650400423794835,0.1081621876997471,0.4358999229188078,10.541845801368583,-3.63876015407496,-5.928025167257514,-5.269578646169935,-0.8694242402264377,-0.5544356637037474,-0.049689262334246406,-0.4187984353888185,0.9691190676513665,0.0,0.015985790408525755,3.7125256673511293,0.7470318780966626,0.2529681219033374,0.0,0.9566233523417781,0.005484403726901624,0.02358916830263937,0.6329500483001465,0.046804399987535446,0.36923124863668944,0.4345143498177059,0.0,0.0,2.6916758137726573,0.02508491477361254,False
110100,22222.25,7.35139726397264,3.0,1.1697177356028305,1.72958408801989,1.6124829843962696,0.8340790933323454,4.905533868082665,0.20103366140847603,0.689572476079764,-0.037929869461844616,1.6454350685200196,0.11525077193339146,0.512771717083526,-1.7709230033420225,0.3951343663204684,-1.9144185078457019,1.891519804801882,0.1109136113579858,0.2737796577754278,0.3203995995005006,47.04175222450377,0.4851893935132581,0.32610334237082206,0.18870726411591984,0.8983451270685912,0.035831205210993484,0.028552464309419615,0.5476718154102307,0.07719740350324562,0.5456693179133526,0.7450190687261641,0.038103702370372035,0.11160318866253321,2.057664957897907,0.04265994667506666,False
110120,20384.75,7.795798226571986,4.0,0.956831647432517,1.7483290204687327,1.610272384993684,0.7961131137663885,5.413936889096015,0.14533829463864578,0.49969022789557194,-1.925369597138196,-0.2756957034006431,-1.1744387658243167,-2.3718269471591302,0.02408870354003173,1.8755062554850823,-1.1959804903738007,-0.2039492995737319,0.24311065870319723,0.21740516807907873,0.3294251830412441,34.17385352498289,0.6398778498632556,0.13464722402776585,0.2254749261089785,0.8763904389310636,0.03509976820907786,0.021437594280037775,0.6213713683022848,0.12055580765032683,0.4698610480874183,0.48752130882154554,0.040128036890322426,0.09077017114914425,2.1937421185143897,0.04023841351991072,False
110130,6079.25,5.655631862483037,3.0,0.8351904223382818,1.6544392811613275,1.4403503721676194,0.7732812057055177,4.3022576798124765,0.0,0.5431989293320194,-3.8872630908270702,-1.2401739546213337,-0.4364777586352869,0.575209884695513,1.0162791163523133,0.6154655064384345,3.457161778911732,2.1320812759813434,0.09080067442529917,0.22720730353250812,0.43882880289509396,40.00547570157426,0.5368260887444998,0.18213595427067483,0.2810379569848254,0.8801661389151623,0.029238804128798784,0.03581856314512481,0.8732162684541679,0.029526668585763048,0.5489986429247029,0.5497388658140395,0.07895710819591233,0.021354166666666667,1.8022674430386862,0.022288933667804416,True
110150,7184.25,5.135892260579064,3.0,0.7266191530083168,1.4092633190660124,1.3043115147718969,0.7575776550460653,2.779065316490935,0.1842799965937154,0.5121656500308072,-5.349375294035326,0.050571260397158244,-1.736660592840683,-0.20057055507978644,1.5463999465194358,-1.6039442769925878,0.054923944162588785,2.6013907209402634,0.11417336534780945,0.23304450708146293,0.4228694714131607,38.27789185489391,0.5022444931621255,0.2063193791975502,0.29122733757873126,0.9174583289835404,0.027386296412290775,0.03594668893760657,0.6111981069701082,0.016355221491457007,0.5759125865608797,0.5773045203048335,0.06270661516511813,0.05327413984461709,1.9405941582662087,0.01489369106030553,False
111100,19217.25,5.783970131002095,2.0,0.9220984701045949,1.5721496591559556,1.4388822396836134,0.7841445934956819,3.949004149917392,0.10815514380851829,0.44376282986483584,-2.6959516756437685,6.797312189748545,-1.03713683078327,-3.0754992211814107,-1.7384311418418519,-2.58233488397587,-2.218712124397813,3.929451830064908,0.2454305376679806,0.14853842251102525,0.42486568057344315,31.709787816564,0.22948132537173632,0.47084000052036584,0.29793544862038013,0.9682706942980915,0.009067374364178017,0.013139236883529122,0.4221988057604496,0.051230014700334336,0.5003447423538748,0.5096592904812083,0.0667239069065553,0.0855917332813414,2.4135309889100482,0.031352040484460574,False
111101,17257.5,8.369274228596263,4.0,1.0524912632188903,1.9696798493408663,1.7827900912646675,0.819946388065826,6.810864841373316,0.18323157745279,0.6207220844633864,-1.2914407759544397,-2.302226739906851,0.5638429161062677,-0.853862237254597,-0.7828464080843627,1.0720832731442267,-1.9973927452940545,-0.7741252656483313,0.14403882369984064,0.3197015790236129,0.3004056207446038,47.56194387405886,0.6907866145154281,0.09729103288425323,0.2119223526003187,0.7885412139649428,0.04600898160220194,0.032666956395769955,0.7460814138780241,0.02207735767057801,0.4783862088946835,0.48299290163696945,0.041605099232217876,0.08530640668523677,1.9073151768043186,0.04750108648413733,False
111195,11181.75,8.903210660465948,4.0,1.4307717441366512,1.893241218950522,1.7894113175486843,0.8328131913698877,4.539383370223802,0.00089351531261867,0.618665,5.627538660823868,-5.680663202019485,0.5269776600645076,2.2126273766596856,6.520056635440146,4.585399790802573,-2.2243726498039935,-1.3213808198469572,0.0002235785990564983,0.36964249782010866,0.14584032016455384,56.91033538672143,0.9909897824580232,0.008987859682071232,0.0,0.8129765018892392,0.06237842913676303,0.07619558655845463,0.8665906499429875,0.07724640597402016,0.5222572495360744,0.7486529389406846,0.0,0.0,1.9292555223068482,0.06092516824289579,False
112100,11610.0,10.010077519379845,6.0,1.2548759840654609,1.8507321274763135,1.772588285960379,0.880012744959493,5.129112833763997,0.39602814373593787,0.5541794719385242,6.912189191668479,-2.6597848871687413,1.1789425631333599,4.763526885331647,-0.8457738414874773,-0.6135358053628761,-1.7484867157737463,0.3315285649863136,0.0021102497846683895,0.4790697674418605,0.13115848406546082,63.95756331279945,0.7608957795004306,0.23910422049956934,0.0,0.8243109388458225,0.05400516795865633,0.07196382428940569,0.6142549526270457,0.06912144702842377,0.484603789836348,0.5755383290267011,0.0,0.0,1.376110252798027,0.056675279931093885,False
112101,15753.0,5.400749063670412,3.0,0.8337923776423539,1.78313654541992,1.4973973211451788,0.7767326013638739,6.368485367866438,0.10732702442341474,0.6695640575501584,-6.327702014400283,2.8325147640948467,0.12310802398239545,-2.1160236073016345,-2.585464050713316,0.9840433447538389,0.0691000395517022,-1.1307091241211584,0.06884402970862692,0.24420745254872087,0.4762743604392814,39.65229295003422,0.5151399733384118,0.1508760236145496,0.3339840030470387,0.8691836475591951,0.0335809052244017,0.058972894051926614,0.7621722846441947,0.015457373198755793,0.5312480162508728,0.5317717260204405,0.07873103535834444,0.07780689377141706,1.9708746739633298,0.02190059036374024,False
112102,8206.75,5.663417308922534,2.0,1.3092591281567003,1.8057696408444268,1.6250342705699576,0.7870050280196722,3.78392786425808,0.129511283179974,0.4112055896805897,11.642116349932431,0.5203558460207125,-5.575980855290997,-3.6076632931369863,-3.2786164143243686,-2.4772239043501387,0.2955735010295497,1.0041829351313687,0.9261278825357175,0.0,0.04170347579736193,5.61533196440794,0.5436987845371188,0.45630121546288116,0.0,0.9363024339720352,0.0061839339568038505,0.04889267980625704,0.412617662290188,0.06586041977640357,0.3996405397995552,0.9279556462667926,0.0,0.0,2.6996787714204333,0.029883937003076736,False
112103,4573.25,7.771442628327776,3.0,2.013378390641229,1.8127699119881922,1.7800251462307988,0.7738727840849026,5.953752801618105,0.0,0.5431989293320194,6.346293200166005,2.873587417151288,6.485441267047626,0.4039486885233912,-2.1664214847652565,6.383689957941553,-2.2504330981191965,2.994646010390521,0.00043732575302028097,0.47586508500519326,0.1027168862406385,64.0684462696783,0.16257584868528946,0.8374241513147106,0.0,0.8893019187667414,0.03662603181544853,0.0674028316842508,0.010113158038593998,0.35029792816924504,0.6924506641884874,1.0690428032580768,0.0,0.0,1.8868348739829446,0.03903132345706008,True
112104,3678.5,6.50523311132255,3.0,1.8251527932581215,1.8354628245208644,1.4663585700693218,0.7099403494767716,4.9114448824249015,0.0,0.5431989293320194,10.104390346818098,8.710948363259144,9.98887493318527,-4.707916196977812,4.096353604981236,-4.199382032144143,1.2815012716222298,-0.15994144507129476,0.1349734946309637,0.21387793937746363,0.20307190430882152,50.99657768651609,0.32832676362647817,0.6716732363735218,0.0,0.9501834987087128,0.010941960038058992,0.03663177925784967,0.1372842191110507,0.1701780617099361,0.8897648498029088,1.689411444882425,0.0,0.0,2.1641667030978526,0.03765121652847628,True
113100,24849.75,8.510422744924446,4.0,1.1217791215203372,1.760299399390336,1.5718266783368042,0.8499762681879828,5.292618638014467,0.13404944853902043,0.47294917137843634,-0.18890685585047506,0.968515903559668,1.3131553206480118,0.34479842980859376,0.4982668252750593,0.29531374112378583,-1.2349088782156648,-0.961076533551167,0.034658296361130395,0.31368524834253864,0.31231702532218636,52.087611225188226,0.6193623678306622,0.1965814545417962,0.18405617762754153,0.8505115745631244,0.04840088934496323,0.030503324983148724,0.7173412207366271,0.03949737924928822,0.5938289117596757,0.8794756486483768,0.041318323121963,0.11176040905770636,1.7946916194867533,0.055644422982122556,False
113130,7713.0,5.4966938934266825,3.0,1.057253400103721,2.0044729677168416,1.8030273564112538,0.7339617560561777,3.5036626474782833,0.18848966279130938,0.42219296678760815,7.7007096894589955,-6.544082140787009,-4.47832108272707,-6.067033527923152,1.1979498813904474,1.3396928054585393,0.27141345042546366,0.07231473402669718,0.9553027356411253,0.0,0.024990276157137302,4.6652977412731005,0.7614093089589006,0.23859069104109945,0.0,0.9823674316089719,0.0026254375729288216,0.013224426293271101,0.7359652534681707,0.062459483988072086,0.28607545702061454,0.30908855179566963,0.0077142486710748085,0.1134453781512605,2.1465474239186544,0.018864255153636718,False
113150,5137.75,4.9899761568780105,3.0,0.7119315994355506,1.589119750863705,1.4349666682886477,0.799117385312761,4.029925551068074,0.10818434299600764,0.6201258724428399,-4.78432841090585,-2.032918697555294,0.4743451589694508,-1.3298090165036514,-0.5855057207986908,0.3135636927542914,-0.22933973749027195,1.9365410002125094,0.08967933433896161,0.25998734854751593,0.40036981168799574,41.817932922655714,0.6304316091674371,0.1206753929249185,0.2488929979076444,0.887304754026568,0.03868424894165734,0.038440951778502264,0.8232689406841516,0.013673300569315362,0.4532626149579096,0.6442022286020145,0.048124178872074354,0.05965621840242669,1.4867069458429754,0.008515400710427716,False
113180,13718.0,6.948808135296691,3.0,0.8736804362880887,1.7449701122612626,1.5455241288817612,0.802089524069618,5.709651552704476,0.134743049970828,0.5443076535985957,-3.873183721865125,-0.17807629706746494,0.6276092761940925,-2.580399221028743,-0.9465103119908898,1.7052228692561058,-0.47568839171927846,-0.6536449614350839,0.16580405306896048,0.20908660154541478,0.3926775040093308,36.0848733744011,0.6290457792681149,0.11424770374690188,0.25670651698498326,0.7606247266365359,0.0359199591777227,0.0940370316372649,0.8276898964863683,0.01215556203528211,0.4445983379501385,0.48649584487534625,0.062217524420469454,0.08553016988869361,2.166477158836402,0.04249890654614375,False
114101,41399.5,5.68959020254357,2.0,1.0910736917112525,1.698088141161125,1.5922052198698051,0.8407270250748418,6.3484401985531225,0.18108359378090755,0.6279354415861053,0.6277189160069709,1.0038466717928636,1.5038677537552134,-1.124150900453974,-1.1323269506818456,-0.02006285528650317,-0.7904296235192702,-0.4017403597771523,0.1886556600925132,0.24759960869092623,0.26887402021763546,43.49897330595483,0.5564861894467324,0.3125279290812691,0.13098588147199847,0.8419848065797896,0.02500634065628812,0.053164893295812754,0.616299713764659,0.032029372335414676,0.5350910035145352,0.8507349122573944,0.024420584789671372,0.08679525222551929,2.3376218646285283,0.032282998586939456,False
114103,15600.25,6.842470473229596,3.0,0.9671812948717949,1.8373397435897436,1.5545673076923077,0.823769746056172,5.515376356148138,0.2137862389597954,0.5445558698727015,-2.418815261998138,0.4883648115334161,0.10737305492222714,-1.447658665847807,-1.3109797932990803,1.1580506526149876,-0.6583256714151413,-2.364621484387039,0.1851252383775901,0.22395474431499496,0.3595294947196359,36.79123887748118,0.6057434977003574,0.15458085607602443,0.2396756462236182,0.8746334193362286,0.025047675518020545,0.019294562587138027,0.7704043204435826,0.012563901219531739,0.5118026954696239,0.5152481530744699,0.059950962324321726,0.10050788559208768,1.8141668204118264,0.03435842374320924,False
114105,15292.0,8.187401909495161,4.0,1.0203176664102522,1.7665755577014355,1.6007135959672008,0.8220890903460463,5.565295579387915,0.2508236677403946,0.5425693051418526,-1.3880080667479648,-1.1399166882926401,-0.2774145655090072,0.5225912559928289,-0.6020891083190023,-0.14198658005928372,-2.08937629490134,-0.7243392281634312,0.1480839654721423,0.3150830499607638,0.31261443892231233,44.658453114305274,0.6342041590374051,0.15916819251896416,0.20659495160868427,0.8585861888569186,0.04023345540151713,0.015269421919958148,0.7614602406487052,0.019618100967826315,0.4877059900601622,0.49290478681663613,0.04793356003138896,0.082537517053206,1.8364373992551584,0.045432252157991106,False
115100,22279.75,7.228581046961791,4.0,1.109193730854251,1.7770509094581401,1.6269033539424813,0.8437930610226488,4.913722101908684,0.18761166818596173,0.5513592779748311,0.4570557015253699,0.0585009415167707,-0.7036113112291849,0.11772147989052438,1.2067714950968556,0.4962627032792271,-2.226207248026075,-0.05005733896896493,0.17720127021173937,0.2538964754990518,0.2894220087747843,41.57973990417522,0.683423287963285,0.14182160930890159,0.17475510272781336,0.8455772618633512,0.03982315780024462,0.04984346772293226,0.6300901042426419,0.12013150955464043,0.5246131576880351,0.7503338233148936,0.04064228727880699,0.11347321921590281,2.063047839906756,0.03390971622212996,False
115107,7779.5,5.561314994536924,3.0,0.8859128253743813,1.5785718876534482,1.403785590333569,0.8166613795960608,3.377659232598496,0.1997016691098938,0.5545371152607856,-2.8265677144416266,1.0388440658468858,-0.7066455797737048,0.5446052517034227,0.5917698597654266,-0.4530529457256254,1.3289154540960335,1.038783508263361,0.153640979497397,0.27909891381194163,0.31849733273346614,43.63586584531143,0.5710199884311331,0.23311266790924867,0.19586734365961822,0.9057780062986053,0.023041326563403818,0.03261777749212674,0.4903271418471624,0.13378109132977697,0.550453113953339,0.6556012597210618,0.05096728581528376,0.0605296343001261,1.502586108594513,0.017481843306125074,False
115110,5246.25,4.106075768406004,3.0,0.7858170121515368,1.7141291398618062,1.3840838694305457,0.8162707699626335,5.1634500833929,0.2889333152615885,0.571193033892342,-3.4609465717196444,1.6365174482455582,0.8429004115933675,-2.2217643124777826,-0.24449923931228104,1.302463355931856,1.6167026900509567,-2.0705881974319285,0.15148915892304027,0.23898022396950203,0.37979509173218967,38.24503764544832,0.6008577555396712,0.1292828210626638,0.269859423397665,0.8957827019299499,0.021443888491779844,0.049702168215391945,0.354586609482964,0.2028591851322373,0.438646652370741,0.5604955920895878,0.04503216583273767,0.061375661375661375,1.222713385790144,0.005384798665713605,False
116100,14130.75,6.915238044689772,3.0,0.9333375422394424,1.628717513224705,1.51908072819914,0.8063787671388913,4.30258478849318,0.26082805879583615,0.5438285535221861,-2.413102304110953,-0.9969402315469221,-1.006209304735091,2.0647553428358347,1.1893159635404567,-0.3549101691399965,-1.3984589171072073,0.2158424680133923,0.09604939582117014,0.27146471347946854,0.36110963678502556,43.898699520876114,0.6026573253365887,0.16511862427684307,0.23218866656051518,0.8846133432408047,0.03430461935849123,0.0354722856182439,0.6366081064345488,0.09056490278293793,0.5345257682713231,0.6743095730941386,0.05633105107655291,0.06438442211055276,1.7500037133270245,0.03412770022822568,False
116105,27312.0,7.020000915373702,3.0,1.1440878240333918,1.6859988283538372,1.564824985354423,0.8285502828036246,3.970772920328061,0.14757219434929503,0.588173334390863,0.2188914525661773,0.9954710924662282,-0.15753003660070372,1.0720644138029227,1.458844884343265,0.17732545086439105,-1.5807478800396426,0.23173570653029316,0.14686767721148214,0.2507688927943761,0.31748864967779733,42.431211498973305,0.4866542179261863,0.32079305799648505,0.19255272407732865,0.9256004686584651,0.027606912712360866,0.022947788517867603,0.45740883128295257,0.10121009080257762,0.590875805506737,0.6290275336848272,0.03220196250732279,0.11796475270039795,1.9565052726597878,0.0382524165202109,False
116108,11888.5,5.588551961980065,3.0,0.9043471043445347,1.6152584430331833,1.467026958825756,0.8127937232350819,4.756802792614712,0.18903801224441072,0.4941052593594948,-1.324181297835853,-0.04600206313817163,-1.792853289931078,1.3805168792776987,1.0100077611583729,-1.3618856687580299,-0.5049256974545646,0.0883289783594153,0.152668545232788,0.2751398410228372,0.33010892879673637,41.81108829568788,0.5456113050426883,0.23550069394793288,0.2188880010093788,0.8835639483534509,0.035412373301930436,0.04792446481894268,0.49800227110232576,0.11492198342936451,0.5631492618917441,0.7450687639315304,0.04401312192454893,0.04634495938843765,1.788412038569046,0.0208815241620053,False
116110,4580.0,4.599377695289044,3.0,0.7437523689956332,1.8180131004366813,1.6023471615720524,0.8419863765281184,5.619159388646288,0.06630650833290862,0.6205367409684858,-0.8406317530047109,-4.357240318968535,2.8517923691064513,0.16290126182079212,-2.662184428456201,-0.6512525788795386,2.1400647851351686,-0.1140238777389524,0.06806768558951964,0.3967248908296943,0.25278384279475985,57.765913757700204,0.7016921397379913,0.18335152838427948,0.11495633187772926,0.7937772925764193,0.0347707423580786,0.09241266375545852,0.6442139737991266,0.04754366812227074,0.25147379912663753,0.28487991266375545,0.02106986899563319,0.05181347150259067,2.4084836913040513,0.008624454148471615,False
117101,19515.5,7.357062335066998,4.0,0.9664058184519997,1.6686608080756322,1.5086213522584613,0.8408378983062035,4.072865158463785,0.21994943691105492,0.5360535868429422,0.025307887698945573,-0.7647123375978886,0.14806770418643855,0.5451302487335349,0.4285935855239915,0.06528481215742762,-0.9570609403256052,-0.026259592460798332,0.14815146934487972,0.28177602418590353,0.3076400809612872,44.681724845995895,0.6506879147344419,0.15509466834054983,0.19421741692500832,0.8545771309984371,0.03547180446311906,0.052509543696036484,0.5977428198098947,0.11767569367938305,0.475019856011888,0.48433296610386617,0.03276882478030284,0.09421422986708367,1.775145422081353,0.03501063257410776,False
117102,6852.25,5.099383414207012,3.0,0.8203291510087927,1.5558758072166077,1.4534277062278813,0.8332955971742654,4.018132730125141,0.19990075021163559,0.5398292932242991,-0.36872506452353165,-1.8045955892113275,1.1590869612777899,1.7056450037784618,0.42097956953661597,-1.7539417965756428,0.5822513386055828,1.6689830202688187,0.10211974169068554,0.34503265350797185,0.2676857966361414,53.308692676249144,0.695683899449086,0.1865810500200664,0.10715458426064431,0.8963479149184574,0.030282024152650588,0.041409755919588453,0.6731000766171695,0.09522419643182896,0.4507278631106571,0.5252654237659163,0.029479368090773103,0.05693069306930693,1.7993341068823019,0.011602028530774564,False
118100,31448.5,7.606684315549302,3.0,1.1890601387983528,1.7963098398969743,1.6764869548627122,0.8602099109665657,5.285768796603971,0.10526128612377572,0.6579940806811271,2.9375864934706812,0.9358689359011214,-0.5806639559441175,1.3001408404505093,-2.280244269955482,-1.0592132790986273,-0.7674562256009568,-0.32218829348645867,0.18002448447461722,0.27269981080178707,0.2502504093994944,46.63381245722108,0.5647407666502376,0.31185112167511964,0.12340811167464268,0.8920139275323148,0.03174237245019635,0.040701464298774186,0.4853252142391529,0.11975133949154967,0.4865494379700145,0.6901124059971063,0.02214732022195017,0.12311557788944724,2.2633695845880335,0.040439130642160995,False
118105,6396.5,4.636207300867662,3.0,0.6972126905338858,1.6568045024622842,1.5407644805753147,0.8104800132888187,4.869186273743454,0.11264479434001526,0.6054317426108374,-1.7763209946266358,-3.2466018698201955,-0.09053102460263246,-2.31161533219955,-3.1107751626648885,-0.3458228542767436,1.2640425311088663,1.423900849805347,0.1895177049949191,0.2679981239740483,0.31157664347690145,40.55167693360712,0.7232080043773939,0.0949347299304307,0.18185726569217542,0.8281482060501837,0.033299460642538886,0.06996013444852654,0.8203314312514657,0.037520519033846636,0.28777456421480496,0.35707027280544046,0.029664660361134996,0.03557312252964427,1.7011016825376226,0.008637536152583444,False
119100,21388.5,6.148315683661781,3.0,0.996434732449681,1.562147883208266,1.451586132734881,0.8512186541662187,3.682329289103958,0.11324626865671641,0.6951640673622552,1.068050693966631,1.9622478725553232,-0.050700941336258756,1.9901222269421275,1.781630410863378,-0.007206517169975601,-0.17583905769948285,0.7103220716658192,0.13916356920775183,0.3018093835472333,0.26162423732379547,49.65639972621492,0.6083643079224818,0.2567968768263319,0.13483881525118638,0.9117048881408233,0.03227201533534376,0.024241999205180356,0.6272178974682656,0.08869252168221241,0.5194730813287515,0.628223110550062,0.02361081889800594,0.07821782178217822,1.7762913091343115,0.02648619585291161,False
120101,25905.5,6.281345300135109,3.0,1.0240445967072629,1.7068286657273553,1.5046997741792283,0.8539520945437618,4.676941190094768,0.16479672437695458,0.5569501809644918,0.7877270059691125,0.7934102587330658,-0.07436225480197235,0.8551652780270081,0.24872967139685026,-1.253314486956581,1.0885481301046198,-0.9005809862577951,0.1591264403312038,0.24521819690799251,0.31209588697380863,42.251882272416154,0.5911196464071337,0.23360869313466254,0.1752620099978769,0.9184246588562275,0.018046360811410703,0.034365289224296,0.5093898978981297,0.12805195807840034,0.5264133099148829,0.6534712705796066,0.03460655073246994,0.06804238706079196,1.8401835383154255,0.022900542355870374,False
121109,26478.0,7.934642003984552,3.0,1.14030918498376,1.6164646121308255,1.4869514313769923,0.8208305566669675,4.295433945162022,0.11927887174028738,0.5633883784160625,-0.13144575344623036,1.974158474834262,-0.5269007044140287,-0.2511909955028389,1.6435031490581327,-1.0403488109637689,-1.6048194510913687,1.0946872323552286,0.21768071606616815,0.20492484326610771,0.3424446710476622,34.92402464065709,0.4706454414986026,0.2907130447919027,0.23864151370949468,0.9134753380164665,0.023500642042450337,0.05309124556235365,0.3911549210665458,0.2368664551703301,0.6207511896668932,0.7967463554649142,0.04667082105899237,0.08921707465102165,2.006235497628498,0.04882355162776645,False
121110,2835.25,7.5681156864474035,4.0,0.7927020280398553,1.7254210387091085,1.6151133057049643,0.8241823439751037,5.97663345384005,0.4320128211549056,0.5553370739624391,-0.49888005144388403,-4.653647719854959,3.821686081720058,0.5298290655888409,-3.606542794707151,-2.450890073248585,-1.004128191315867,-3.445764743629027,0.06815977427034653,0.3266025923639891,0.3183140816506481,51.186858316221766,0.67472004232431,0.147076977338859,0.17820298033683096,0.7800899391588043,0.03685741998060136,0.11110131381712371,0.486465038356406,0.24874349704611587,0.22564147782382507,0.22590600476148487,0.01904593951150692,0.009259259259259259,1.9288978595034094,0.037827352085354024,False
121114,4329.5,8.87798822034877,4.0,0.9096357951264581,1.6816029564614852,1.5869037995149555,0.8381064968282002,5.203949647765331,0.27329948386555325,0.5302432826654383,0.690172697278019,-5.244552327795196,2.3826359344659296,3.3355134891454368,-0.3672956190937897,-4.1371115739159094,0.06204547578230839,-1.6664543653201616,0.05993763714054741,0.3896523848019402,0.24667975516803325,57.908281998631075,0.6370828040189398,0.24309966508834738,0.11981753089271278,0.8431112137660238,0.03175886361011664,0.08753897678715787,0.332024483196674,0.2757824229125765,0.37833468067906223,0.40876544635639217,0.007391153712899873,0.015625,1.6735426404361886,0.0551449359048389,False
121117,2810.75,7.141954994218625,4.0,0.9132092590945478,1.8871297696344391,1.7814640220581694,0.8476339403887274,6.871564529040292,0.3597380410022779,0.5761401456387526,-0.1711655680899329,-4.527576410144207,3.4662930287773004,2.823601542645559,-3.1054734808578357,-1.2478467896291694,-3.246296663209066,-0.5102166220159732,0.028728986925197902,0.39402294761184736,0.2777728364315574,57.51950718685831,0.7407275638174864,0.15013786355954817,0.1091345726229654,0.790002668326959,0.04029173708085031,0.126478697856444,0.49497465089388953,0.24842123988259363,0.2928933558658721,0.3800587031930979,0.01583207329004714,0.016853932584269662,1.565141952471969,0.033265142755492305,False
121121,4335.25,4.213078830517271,3.0,0.6803566864656018,1.5759760106106915,1.4582204025142724,0.8049485302452584,4.19099244564904,0.2266767748840528,0.5643750934487508,-5.36848487087708,-0.5899786426697354,0.7750597161709902,-0.7241086839494764,-1.6941509106285584,-3.298209434599694,-1.9226682773279684,1.2515573031756866,0.08252119254944928,0.24952424888991406,0.44772504469177093,39.90143737166324,0.537108586586702,0.18424542990600312,0.27864598350729486,0.8486246467908425,0.0202410472291102,0.08771120465947754,0.6932126174961075,0.15039501758837437,0.40632028141398996,0.43671068565826654,0.04319243411567961,0.022696929238985315,1.2994451120728403,0.006631682140591661,False
122100,19369.25,7.011680885940343,3.0,1.0320825509506046,1.6488506266375829,1.4883255675878002,0.8545182795041057,3.854705267369671,0.15619860813121467,0.5246677450843676,1.4294789951561928,1.2105652242821012,0.050313286731163365,0.9806514558051592,0.7706856747039849,-1.2410891429822266,-1.3097669758933819,0.9274724878306827,0.18143449023581193,0.25052596254372267,0.2807930095383146,42.77344284736482,0.5303767569730372,0.31925603727557855,0.1503672057513843,0.9199504369038554,0.023890961188481743,0.03481033080785265,0.40781135046529937,0.16362275255882391,0.5060211417581992,0.5937245892329337,0.03185461491797566,0.12236628849270664,1.8091454030118967,0.03812744427378448,False
123100,17695.25,5.9590285528602305,3.0,0.925480342182224,1.5492434410364364,1.4714965880674191,0.8467028027722499,4.464178239923143,0.10472925968555925,0.5517993115942029,1.1289105200593301,-1.0586672352487907,1.0038307929995782,0.6854095794415587,-0.07333211200327908,-1.1219120159827964,0.22447217828700988,0.0806835399493316,0.14793518034500783,0.2923100832144219,0.2652124157612919,48.342231348391515,0.5895932524264986,0.26405391277320184,0.1463528348002995,0.91315466014891,0.02550119382320114,0.025119735522244672,0.5512072448821012,0.09130981478080276,0.4793094191944166,0.4856529294584705,0.025826139783275172,0.087527352297593,1.7043983743564874,0.02743674149842472,False
124105,23849.75,7.73786387412602,4.0,1.0259044686002998,1.8461933563244897,1.5881298546106353,0.8501157053131833,5.543464816193042,0.1727238828620238,0.5766585851993172,-0.3178296518391496,0.4514289847038653,1.701875201235096,-1.6192549029536911,-0.4677609564465335,1.3748438724397622,-0.4406723926831346,-1.711132275418262,0.1547081206301953,0.2565959810899485,0.324982442163964,41.210130047912386,0.6701852220673172,0.12427803226448915,0.20553674566819358,0.8977871885449533,0.030776003941341105,0.033354647323347204,0.6240002515749641,0.12483359364353924,0.5245023532741433,0.784620383861466,0.03488506168827765,0.08323317307692307,1.9565818706846108,0.04059790983133995,False
125100,8668.75,4.522335976928623,2.0,0.9231133727469358,1.8183705839942321,1.3897620764239365,0.8544252894659773,4.529834174477289,0.08378692596311367,0.4774893409019237,1.422286003161995,2.843588348714755,-0.32006100660286446,0.08786553522407499,-1.013807242738808,-0.5468335723163184,4.700582354652594,-2.3528322758579705,0.14780100937274693,0.22385003604902667,0.29897620764239363,40.479123887748116,0.5663446286950252,0.29159336697909155,0.1420620043258832,0.9009949531362653,0.015025234318673395,0.04409516943042538,0.5144340302811824,0.117577505407354,0.5764095169430425,0.6748377793799567,0.028868060562364815,0.059940059940059943,1.9713471322208977,0.013525594808940158,False
126100,10895.25,8.183731069297844,4.0,1.050774440696634,1.7955072164475345,1.599825612078658,0.8706457501257969,6.366099905922305,0.15376699029126215,0.5275480995075136,2.090465452258314,-1.3644271365062584,0.525677150579445,1.133809030891313,-1.8576642215969041,-1.5496204000194258,1.5471290457144375,-0.762627963137344,0.11326036575571924,0.28881852183290885,0.28273789036506736,48.21081451060917,0.6033592620637434,0.2709896514536151,0.1256510864826415,0.9217778389665221,0.03260595213510475,0.021431357701750763,0.5253895046006287,0.06213716986760286,0.7678804983823225,1.391913907436727,0.022853996007434433,0.08835341365461848,2.0939738983236804,0.04068286638672816,False
128109,5932.5,5.3908133164770335,3.0,0.7589905941845765,1.6230509903076276,1.4544458491361145,0.8069224527527344,4.223640960809102,0.12137144549763033,0.5369015253203172,-3.973453304390192,-0.634837996720968,-0.6808673058842949,-0.6572476026913602,-0.24122921438013092,-0.04313768836614276,0.2517529648338939,-0.3201720096178069,0.14681837336704592,0.21213653603034133,0.4091866835229667,37.152635181382614,0.5351875263379688,0.1809945217024863,0.2837758112094395,0.8144121365360304,0.023640960809102402,0.13463969658659924,0.4126422250316056,0.3462705436156764,0.44627054361567636,0.45486725663716815,0.043952802359882005,0.031639501438159155,1.6066456002988396,0.01816266329540666,False
129100,8379.75,6.1096393090486,3.0,0.7999117366269877,1.5601002416539873,1.459888421492288,0.8243014399304732,3.9617232017661625,0.16745734085094757,0.4807431622663898,-1.289629189476454,-2.5096148258018793,-0.21743914244366827,1.0231678965955113,0.8241764486977277,-1.7465388537809734,1.8545270430305434,0.8700115170508393,0.14123333034995078,0.28052746203645695,0.3048121960679018,44.087611225188226,0.5798800680211224,0.24765058623467287,0.17246934574420478,0.9224320534622155,0.029505653509949582,0.03213103016199767,0.6043736388317074,0.11500939765506131,0.46982308541424267,0.4921686207822429,0.03153435365016856,0.0510879848628193,1.499437607110663,0.023926728124347384,False
129106,6813.75,6.8934429237148205,3.0,0.8764619629425793,1.5847000550357733,1.4204366171344707,0.826252119971701,3.518253531462117,0.1578605858361142,0.5265088667058133,-0.9748257439875827,-0.592922823754832,-1.5915719744717063,1.3718017420931383,2.5875140033540736,-1.5883257037038745,2.604300187285188,-0.12145283640397744,0.13850669601907906,0.26545587965510914,0.305558613098514,43.36208076659822,0.5761511649238672,0.2407264722069345,0.1830122913226931,0.8882039992661896,0.025683360851219958,0.05903503944230416,0.4172078517703174,0.22362869198312235,0.5342139057053752,0.5397541735461383,0.0379746835443038,0.04251207729468599,3.4372515321541446,0.032140891579526695,False
133150,7211.25,5.359161033107991,3.0,0.8719147443231062,1.5219622118218061,1.4004506846940545,0.8276029833564815,3.2761310452418098,0.1910878039204689,0.5097877164660992,-0.2882599649872753,-0.5359287010552721,-0.8869277368357428,0.6949138575930748,1.691272008551889,-1.1195128175880145,0.11841569934892178,-0.8172760108030219,0.1574969665453285,0.2388975559022361,0.31683133992026347,40.388774811772755,0.6233662679840527,0.20117871381521926,0.17545501820072804,0.8861501126711735,0.028670480152539434,0.060981105910903104,0.4412896515860634,0.15094470445484487,0.5031721268850754,0.5567342693707749,0.03997226555728896,0.06504770164787511,2.994325267678604,0.020038134858727682,False
